ABX3,A,B,X,nA,nB,nX,rA (Ang),rB (Ang),rX (Ang),t,tau,exp_label
AgBiO3,Ag,Bi,O,1,5,-2,1.28,0.76,1.4,0.88,4.07,-1
AgBrO3,Ag,Br,O,1,5,-2,1.28,0.31,1.4,1.11,6.43,-1
AgCaCl3,Ag,Ca,Cl,1,2,-1,1.28,1,1.81,0.78,6,-1
AgCdBr3,Ag,Cd,Br,1,2,-1,1.28,0.95,1.96,0.79,5.58,-1
AgClO3,Ag,Cl,O,1,5,-2,1.28,0.12,1.4,1.25,15.17,-1
AgCoF3,Ag,Co,F,1,2,-1,1.28,0.74,1.33,0.89,3.96,1
AgCuF3,Ag,Cu,F,1,2,-1,1.28,0.73,1.33,0.9,3.94,1
AgMgCl3,Ag,Mg,Cl,1,2,-1,1.28,0.72,1.81,0.86,4.6,-1
AgMgF3,Ag,Mg,F,1,2,-1,1.28,0.72,1.33,0.9,3.94,1
AgMnF3,Ag,Mn,F,1,2,-1,1.28,0.83,1.33,0.85,4.16,1
AgNbO3,Ag,Nb,O,1,5,-2,1.28,0.64,1.4,0.93,4.07,1
AgNiF3,Ag,Ni,F,1,2,-1,1.28,0.69,1.33,0.91,3.93,1
AgNO3,Ag,N,O,1,5,-2,1.28,0.13,1.4,1.24,14.07,-1
AgPO3,Ag,P,O,1,5,-2,1.28,0.38,1.4,1.06,5.46,-1
AgSbO3,Ag,Sb,O,1,5,-2,1.28,0.6,1.4,0.95,4.15,-1
AgSnCl3,Ag,Sn,Cl,1,2,-1,1.28,1.15,1.81,0.74,10.97,-1
AgTaO3,Ag,Ta,O,1,5,-2,1.28,0.64,1.4,0.93,4.07,1
AgVO3,Ag,V,O,1,5,-2,1.28,0.54,1.4,0.98,4.34,-1
AgZnF3,Ag,Zn,F,1,2,-1,1.28,0.74,1.33,0.89,3.95,1
AlBO3,Al,B,O,3,3,-2,0.54,0.27,1.4,0.82,4.88,-1
AmVO3,Am,V,O,4,2,-2,0.95,0.79,1.4,0.76,11.85,1
BaAmO3,Ba,Am,O,2,4,-2,1.61,0.85,1.4,0.95,3.58,1
BaCeO3,Ba,Ce,O,2,4,-2,1.61,0.87,1.4,0.94,3.62,1
BaCO3,Ba,C,O,2,4,-2,1.61,0.16,1.4,1.36,13.47,-1
BaCoO3,Ba,Co,O,2,4,-2,1.61,0.53,1.4,1.1,4.11,-1
BaCrO3,Ba,Cr,O,2,4,-2,1.61,0.55,1.4,1.09,4,-1
BaGeO3,Ba,Ge,O,2,4,-2,1.61,0.53,1.4,1.1,4.11,-1
BaHfO3,Ba,Hf,O,2,4,-2,1.61,0.71,1.4,1.01,3.51,1
BaIrO3,Ba,Ir,O,2,4,-2,1.61,0.62,1.4,1.05,3.68,1
BaLiBr3,Ba,Li,Br,2,1,-1,1.61,0.76,1.96,0.93,4.22,-1
BaLiCl3,Ba,Li,Cl,2,1,-1,1.61,0.76,1.81,0.94,4.03,-1
BaMnO3,Ba,Mn,O,2,4,-2,1.61,0.53,1.4,1.1,4.11,-1
BaMoO3,Ba,Mo,O,2,4,-2,1.61,0.65,1.4,1.04,3.62,1
BaNaBr3,Ba,Na,Br,2,1,-1,1.61,1.02,1.96,0.85,4.84,-1
BaNaCl3,Ba,Na,Cl,2,1,-1,1.61,1.02,1.81,0.85,4.69,-1
BaNaF3,Ba,Na,F,2,1,-1,1.61,1.02,1.33,0.88,4.22,-1
BaNbO3,Ba,Nb,O,2,4,-2,1.61,0.68,1.4,1.02,3.55,1
BaNiO3,Ba,Ni,O,2,4,-2,1.61,0.48,1.4,1.13,4.46,-1
BaNpO3,Ba,Np,O,2,4,-2,1.61,0.87,1.4,0.94,3.62,1
BaPaO3,Ba,Pa,O,2,4,-2,1.61,0.9,1.4,0.93,3.71,1
BaPbO3,Ba,Pb,O,2,4,-2,1.61,0.78,1.4,0.98,3.49,1
BaPuO3,Ba,Pu,O,2,4,-2,1.61,0.86,1.4,0.94,3.6,1
BaRuO3,Ba,Ru,O,2,4,-2,1.61,0.62,1.4,1.05,3.7,-1
BaSiO3,Ba,Si,O,2,4,-2,1.61,0.4,1.4,1.18,5.28,-1
BaSnO3,Ba,Sn,O,2,4,-2,1.61,0.69,1.4,1.02,3.54,1
BaTeO3,Ba,Te,O,2,4,-2,1.61,0.97,1.4,0.9,3.99,-1
BaThO3,Ba,Th,O,2,4,-2,1.61,0.94,1.4,0.91,3.86,1
BaTiO3,Ba,Ti,O,2,4,-2,1.61,0.6,1.4,1.06,3.75,1
BaUO3,Ba,U,O,2,4,-2,1.61,0.89,1.4,0.93,3.68,1
BaZrO3,Ba,Zr,O,2,4,-2,1.61,0.72,1.4,1,3.5,1
BiAlO3,Bi,Al,O,3,3,-2,1.17,0.54,1.4,0.94,2,1
BiFeO3,Bi,Fe,O,3,3,-2,1.17,0.64,1.4,0.89,2.31,1
BiInO3,Bi,In,O,3,3,-2,1.17,0.8,1.4,0.83,4.29,1
BiMnO3,Bi,Mn,O,3,3,-2,1.17,0.64,1.4,0.89,2.31,1
BiScO3,Bi,Sc,O,3,3,-2,1.17,0.74,1.4,0.85,3.32,1
CaCO3,Ca,C,O,2,4,-2,1.34,0.16,1.4,1.24,12.63,-1
CaCrO3,Ca,Cr,O,2,4,-2,1.34,0.55,1.4,0.99,4.02,1
CaCuCl3,Ca,Cu,Cl,2,1,-1,1.34,0.77,1.81,0.86,4.63,-1
CaGeO3,Ca,Ge,O,2,4,-2,1.34,0.53,1.4,1,4.09,1
CaHfO3,Ca,Hf,O,2,4,-2,1.34,0.71,1.4,0.92,3.91,1
CaIrO3,Ca,Ir,O,2,4,-2,1.34,0.62,1.4,0.96,3.86,1
CaLiBr3,Ca,Li,Br,2,1,-1,1.34,0.76,1.96,0.86,4.8,-1
CaLiCl3,Ca,Li,Cl,2,1,-1,1.34,0.76,1.81,0.87,4.6,-1
CaLiF3,Ca,Li,F,2,1,-1,1.34,0.76,1.33,0.9,3.97,-1
CaMnO3,Ca,Mn,O,2,4,-2,1.34,0.53,1.4,1,4.09,1
CaMoO3,Ca,Mo,O,2,4,-2,1.34,0.65,1.4,0.95,3.85,1
CaNbO3,Ca,Nb,O,2,4,-2,1.34,0.68,1.4,0.93,3.87,1
CaPbO3,Ca,Pb,O,2,4,-2,1.34,0.78,1.4,0.89,4.12,1
CaRuO3,Ca,Ru,O,2,4,-2,1.34,0.62,1.4,0.96,3.87,1
CaSiO3,Ca,Si,O,2,4,-2,1.34,0.4,1.4,1.08,5.04,1
CaSnO3,Ca,Sn,O,2,4,-2,1.34,0.69,1.4,0.93,3.88,1
CaTiO3,Ca,Ti,O,2,4,-2,1.34,0.6,1.4,0.97,3.88,1
CaUO3,Ca,U,O,2,4,-2,1.34,0.89,1.4,0.85,4.93,1
CaVO3,Ca,V,O,2,4,-2,1.34,0.58,1.4,0.98,3.93,1
CaZrO3,Ca,Zr,O,2,4,-2,1.34,0.72,1.4,0.91,3.94,1
CdCO3,Cd,C,O,2,4,-2,1.31,0.16,1.4,1.23,12.54,-1
CdCuCl3,Cd,Cu,Cl,2,1,-1,1.31,0.77,1.81,0.86,4.75,-1
CdCuI3,Cd,Cu,I,2,1,-1,1.31,0.77,2.2,0.84,5.26,-1
CdGeO3,Cd,Ge,O,2,4,-2,1.31,0.53,1.4,0.99,4.1,1
CdPbO3,Cd,Pb,O,2,4,-2,1.31,0.78,1.4,0.88,4.25,-1
CdSeO3,Cd,Se,O,2,4,-2,1.31,0.5,1.4,1.01,4.24,-1
CdSnO3,Cd,Sn,O,2,4,-2,1.31,0.69,1.4,0.92,3.95,1
CdSO3,Cd,S,O,2,4,-2,1.31,0.37,1.4,1.08,5.38,-1
CdTiO3,Cd,Ti,O,2,4,-2,1.31,0.6,1.4,0.96,3.92,1
CeAlO3,Ce,Al,O,3,3,-2,1.34,0.54,1.4,1,1.8,1
CeCrO3,Ce,Cr,O,4,2,-2,1.14,0.8,1.4,0.82,1.84,1
CeFeO3,Ce,Fe,O,4,2,-2,1.14,0.78,1.4,0.82,1.2,1
CeGaO3,Ce,Ga,O,3,3,-2,1.34,0.62,1.4,0.96,1.67,1
CeLuO3,Ce,Lu,O,3,3,-2,1.34,0.86,1.4,0.86,3.18,1
CeTiO3,Ce,Ti,O,4,2,-2,1.14,0.86,1.4,0.79,4.44,1
CeTmO3,Ce,Tm,O,3,3,-2,1.34,0.88,1.4,0.85,3.45,1
CeVO3,Ce,V,O,4,2,-2,1.14,0.79,1.4,0.82,1.51,1
CeYbO3,Ce,Yb,O,3,3,-2,1.34,0.87,1.4,0.85,3.28,1
CoCO3,Co,C,O,2,4,-2,0.9,0.16,1.4,1.04,11.26,-1
CoMnO3,Co,Mn,O,2,4,-2,0.9,0.53,1.4,0.84,5.06,-1
CoSeO3,Co,Se,O,2,4,-2,0.9,0.5,1.4,0.86,4.92,-1
CoSiO3,Co,Si,O,2,4,-2,0.9,0.4,1.4,0.9,5.05,-1
CoTiO3,Co,Ti,O,2,4,-2,0.9,0.6,1.4,0.81,5.81,-1
CrBO3,Cr,B,O,3,3,-2,0.62,0.27,1.4,0.85,4.49,-1
CrLiCl3,Cr,Li,Cl,2,1,-1,0.8,0.76,1.81,0.72,39.43,-1
CrMoO3,Cr,Mo,O,2,4,-2,0.8,0.65,1.4,0.76,10.01,-1
CsBaBr3,Cs,Ba,Br,1,2,-1,1.88,1.35,1.96,0.82,4.66,-1
CsBaCl3,Cs,Ba,Cl,1,2,-1,1.88,1.35,1.81,0.83,4.55,-1
CsBaF3,Cs,Ba,F,1,2,-1,1.88,1.35,1.33,0.85,4.19,-1
CsBeF3,Cs,Be,F,1,2,-1,1.88,0.45,1.33,1.28,4.88,1
CsBrO3,Cs,Br,O,1,5,-2,1.88,0.31,1.4,1.36,6.88,-1
CsCaCl3,Cs,Ca,Cl,1,2,-1,1.88,1,1.81,0.93,3.79,1
CsCaF3,Cs,Ca,F,1,2,-1,1.88,1,1.33,0.97,3.31,1
CsCdBr3,Cs,Cd,Br,1,2,-1,1.88,0.95,1.96,0.93,3.96,1
CsCdCl3,Cs,Cd,Cl,1,2,-1,1.88,0.95,1.81,0.95,3.8,1
CsCdF3,Cs,Cd,F,1,2,-1,1.88,0.95,1.33,1,3.3,1
CsCoCl3,Cs,Co,Cl,1,2,-1,1.88,0.74,1.81,1.02,4.16,-1
CsCrCl3,Cs,Cr,Cl,1,2,-1,1.88,0.8,1.81,1,4.01,-1
CsDyI3,Cs,Dy,I,1,2,-1,1.88,1.07,2.2,0.88,4.17,1
CsEuCl3,Cs,Eu,Cl,1,2,-1,1.88,1.17,1.81,0.88,3.94,1
CsFeCl3,Cs,Fe,Cl,1,2,-1,1.88,0.78,1.81,1.01,4.06,-1
CsGeCl3,Cs,Ge,Cl,1,2,-1,1.88,0.73,1.81,1.03,4.2,-1
CsGeI3,Cs,Ge,I,1,2,-1,1.88,0.73,2.2,0.98,4.74,-1
CsHgBr3,Cs,Hg,Br,1,2,-1,1.88,1.02,1.96,0.91,3.94,1
CsHgCl3,Cs,Hg,Cl,1,2,-1,1.88,1.02,1.81,0.92,3.79,1
CsHgF3,Cs,Hg,F,1,2,-1,1.88,1.02,1.33,0.97,3.32,1
CsIO3,Cs,I,O,1,5,-2,1.88,0.95,1.4,0.99,3.37,1
CsMgCl3,Cs,Mg,Cl,1,2,-1,1.88,0.72,1.81,1.03,4.23,-1
CsMgF3,Cs,Mg,F,1,2,-1,1.88,0.72,1.33,1.11,3.57,1
CsMgI3,Cs,Mg,I,1,2,-1,1.88,0.72,2.2,0.99,4.78,-1
CsMnBr3,Cs,Mn,Br,1,2,-1,1.88,0.83,1.96,0.97,4.13,-1
CsMnCl3,Cs,Mn,Cl,1,2,-1,1.88,0.83,1.81,0.99,3.95,1
CsMnF3,Cs,Mn,F,1,2,-1,1.88,0.83,1.33,1.05,3.37,-1
CsMnI3,Cs,Mn,I,1,2,-1,1.88,0.83,2.2,0.95,4.42,-1
CsNbO3,Cs,Nb,O,1,5,-2,1.88,0.64,1.4,1.14,3.91,-1
CsNiBr3,Cs,Ni,Br,1,2,-1,1.88,0.69,1.96,1.02,4.56,-1
CsNiCl3,Cs,Ni,Cl,1,2,-1,1.88,0.69,1.81,1.04,4.34,-1
CsNiI3,Cs,Ni,I,1,2,-1,1.88,0.69,2.2,1,4.91,-1
CsPbBr3,Cs,Pb,Br,1,2,-1,1.88,1.19,1.96,0.86,4.1,1
CsPbCl3,Cs,Pb,Cl,1,2,-1,1.88,1.19,1.81,0.87,3.98,1
CsPbF3,Cs,Pb,F,1,2,-1,1.88,1.19,1.33,0.9,3.57,1
CsPbI3,Cs,Pb,I,1,2,-1,1.88,1.19,2.2,0.85,4.3,1
CsSnBr3,Cs,Sn,Br,1,2,-1,1.88,1.15,1.96,0.87,4.03,1
CsSnCl3,Cs,Sn,Cl,1,2,-1,1.88,1.15,1.81,0.88,3.9,1
CsSnI3,Cs,Sn,I,1,2,-1,1.88,1.15,2.2,0.86,4.24,1
CsSrCl3,Cs,Sr,Cl,1,2,-1,1.88,1.18,1.81,0.87,3.95,1
CsSrF3,Cs,Sr,F,1,2,-1,1.88,1.18,1.33,0.9,3.55,1
CsSrI3,Cs,Sr,I,1,2,-1,1.88,1.18,2.2,0.85,4.29,-1
CsTiBr3,Cs,Ti,Br,1,2,-1,1.88,0.86,1.96,0.96,4.07,-1
CsTiI3,Cs,Ti,I,1,2,-1,1.88,0.86,2.2,0.94,4.35,-1
CsTmI3,Cs,Tm,I,1,2,-1,1.88,1.03,2.2,0.89,4.17,1
CsVCl3,Cs,V,Cl,1,2,-1,1.88,0.79,1.81,1,4.04,-1
CsVI3,Cs,V,I,1,2,-1,1.88,0.79,2.2,0.96,4.53,-1
CsVO3,Cs,V,O,1,5,-2,1.88,0.54,1.4,1.2,4.38,-1
CsYbI3,Cs,Yb,I,1,2,-1,1.88,1.02,2.2,0.9,4.17,1
CsZnCl3,Cs,Zn,Cl,1,2,-1,1.88,0.74,1.81,1.02,4.17,-1
CuCO3,Cu,C,O,2,4,-2,0.73,0.16,1.4,0.97,10.76,-1
CuGeO3,Cu,Ge,O,2,4,-2,0.73,0.53,1.4,0.78,7.25,-1
CuNbO3,Cu,Nb,O,1,5,-2,0.77,0.64,1.4,0.75,7.69,-1
CuSeO3,Cu,Se,O,2,4,-2,0.73,0.5,1.4,0.79,6.52,-1
CuSiO3,Cu,Si,O,2,4,-2,0.73,0.4,1.4,0.84,5.57,-1
CuVO3,Cu,V,O,1,5,-2,0.77,0.54,1.4,0.79,5.61,-1
CuZnCl3,Cu,Zn,Cl,1,2,-1,0.77,0.74,1.81,0.72,27.63,-1
DyAlO3,Dy,Al,O,3,3,-2,1.08,0.54,1.4,0.91,2.23,1
DyBO3,Dy,B,O,3,3,-2,1.08,0.27,1.4,1.05,4.85,-1
DyCoO3,Dy,Co,O,3,3,-2,1.08,0.61,1.4,0.87,2.57,1
DyCrO3,Dy,Cr,O,3,3,-2,1.08,0.62,1.4,0.87,2.61,1
DyFeO3,Dy,Fe,O,3,3,-2,1.08,0.64,1.4,0.86,2.89,1
DyMnO3,Dy,Mn,O,3,3,-2,1.08,0.64,1.4,0.86,2.89,1
DyNiO3,Dy,Ni,O,3,3,-2,1.08,0.6,1.4,0.88,2.5,1
DyRhO3,Dy,Rh,O,3,3,-2,1.08,0.66,1.4,0.85,3.12,1
DyScO3,Dy,Sc,O,3,3,-2,1.08,0.74,1.4,0.82,4.54,1
DyTiO3,Dy,Ti,O,3,3,-2,1.08,0.67,1.4,0.85,3.19,1
DyVO3,Dy,V,O,3,3,-2,1.08,0.64,1.4,0.86,2.84,1
ErAlO3,Er,Al,O,3,3,-2,1.06,0.54,1.4,0.9,2.3,1
ErBO3,Er,B,O,3,3,-2,1.06,0.27,1.4,1.04,4.8,-1
ErCrO3,Er,Cr,O,3,3,-2,1.06,0.62,1.4,0.86,2.76,1
ErFeO3,Er,Fe,O,3,3,-2,1.06,0.64,1.4,0.85,3.08,1
ErMnO3,Er,Mn,O,3,3,-2,1.06,0.64,1.4,0.85,3.08,1
ErNiO3,Er,Ni,O,3,3,-2,1.06,0.6,1.4,0.87,2.63,1
ErRhO3,Er,Rh,O,3,3,-2,1.06,0.66,1.4,0.84,3.34,1
ErTiO3,Er,Ti,O,3,3,-2,1.06,0.67,1.4,0.84,3.41,1
ErVO3,Er,V,O,3,3,-2,1.06,0.64,1.4,0.85,3.02,1
EuAlO3,Eu,Al,O,3,3,-2,1.12,0.54,1.4,0.92,2.12,1
EuBO3,Eu,B,O,3,3,-2,1.12,0.27,1.4,1.07,4.93,-1
EuCrO3,Eu,Cr,O,3,3,-2,1.12,0.62,1.4,0.88,2.39,1
EuFeO3,Eu,Fe,O,3,3,-2,1.12,0.64,1.4,0.87,2.61,1
EuGaO3,Eu,Ga,O,3,3,-2,1.12,0.62,1.4,0.88,2.42,1
EuMnO3,Eu,Mn,O,3,3,-2,1.12,0.64,1.4,0.87,2.61,1
EuNiO3,Eu,Ni,O,3,3,-2,1.12,0.6,1.4,0.89,2.31,1
EuRhO3,Eu,Rh,O,3,3,-2,1.12,0.66,1.4,0.86,2.8,1
EuScO3,Eu,Sc,O,3,3,-2,1.12,0.74,1.4,0.83,3.94,1
EuTiO3,Eu,Ti,O,3,3,-2,1.12,0.67,1.4,0.86,2.85,1
FeAlO3,Fe,Al,O,3,3,-2,0.78,0.54,1.4,0.8,5.22,-1
FeBO3,Fe,B,O,3,3,-2,0.78,0.27,1.4,0.92,4.35,-1
FeGaO3,Fe,Ga,O,3,3,-2,0.78,0.62,1.4,0.76,9.7,-1
FeMnO3,Fe,Mn,O,2,4,-2,0.92,0.53,1.4,0.85,4.94,-1
FeSiO3,Fe,Si,O,2,4,-2,0.92,0.4,1.4,0.91,5.02,-1
FeSO3,Fe,S,O,2,4,-2,0.92,0.37,1.4,0.93,5.24,-1
FeTiO3,Fe,Ti,O,2,4,-2,0.92,0.6,1.4,0.82,5.57,-1
GdAlO3,Gd,Al,O,3,3,-2,1.11,0.54,1.4,0.92,2.15,1
GdBO3,Gd,B,O,3,3,-2,1.11,0.27,1.4,1.06,4.9,-1
GdCoO3,Gd,Co,O,3,3,-2,1.11,0.61,1.4,0.88,2.43,1
GdCrO3,Gd,Cr,O,3,3,-2,1.11,0.62,1.4,0.88,2.46,1
GdFeO3,Gd,Fe,O,3,3,-2,1.11,0.64,1.4,0.87,2.7,1
GdGaO3,Gd,Ga,O,3,3,-2,1.11,0.62,1.4,0.88,2.5,1
GdMnO3,Gd,Mn,O,3,3,-2,1.11,0.64,1.4,0.87,2.7,1
GdNiO3,Gd,Ni,O,3,3,-2,1.11,0.6,1.4,0.89,2.37,1
GdRhO3,Gd,Rh,O,3,3,-2,1.11,0.66,1.4,0.86,2.9,1
GdScO3,Gd,Sc,O,3,3,-2,1.11,0.74,1.4,0.83,4.14,1
GdTiO3,Gd,Ti,O,3,3,-2,1.11,0.67,1.4,0.86,2.96,1
GdVO3,Gd,V,O,3,3,-2,1.11,0.64,1.4,0.87,2.66,1
GeCoO3,Ge,Co,O,2,4,-2,0.73,0.53,1.4,0.78,7.25,-1
GeMnO3,Ge,Mn,O,2,4,-2,0.73,0.53,1.4,0.78,7.25,-1
HgSeO3,Hg,Se,O,2,4,-2,1.14,0.5,1.4,0.95,4.33,-1
HgTeO3,Hg,Te,O,2,4,-2,1.14,0.97,1.4,0.76,12,-1
HgTiO3,Hg,Ti,O,2,4,-2,1.14,0.6,1.4,0.9,4.26,1
HoAlO3,Ho,Al,O,3,3,-2,1.12,0.54,1.4,0.92,2.12,1
HoBO3,Ho,B,O,3,3,-2,1.12,0.27,1.4,1.07,4.93,-1
HoCoO3,Ho,Co,O,3,3,-2,1.12,0.61,1.4,0.89,2.36,1
HoCrO3,Ho,Cr,O,3,3,-2,1.12,0.62,1.4,0.88,2.39,1
HoFeO3,Ho,Fe,O,3,3,-2,1.12,0.64,1.4,0.87,2.61,1
HoMnO3,Ho,Mn,O,3,3,-2,1.12,0.64,1.4,0.87,2.61,1
HoNiO3,Ho,Ni,O,3,3,-2,1.12,0.6,1.4,0.89,2.31,1
HoRhO3,Ho,Rh,O,3,3,-2,1.12,0.66,1.4,0.86,2.8,1
HoScO3,Ho,Sc,O,3,3,-2,1.12,0.74,1.4,0.83,3.94,1
HoTiO3,Ho,Ti,O,3,3,-2,1.12,0.67,1.4,0.86,2.85,1
ILiO3,I,Li,O,5,1,-2,0.95,0.76,1.4,0.77,4.85,-1
InBO3,In,B,O,3,3,-2,0.92,0.27,1.4,0.98,4.52,-1
InFeO3,In,Fe,O,3,3,-2,0.92,0.64,1.4,0.8,5.22,-1
InGaO3,In,Ga,O,3,3,-2,0.92,0.62,1.4,0.81,4.54,-1
InMnO3,In,Mn,O,3,3,-2,0.92,0.64,1.4,0.8,5.22,-1
KBaBr3,K,Ba,Br,1,2,-1,1.64,1.35,1.96,0.77,6.69,-1
KBaCl3,K,Ba,Cl,1,2,-1,1.64,1.35,1.81,0.77,6.58,-1
KBaF3,K,Ba,F,1,2,-1,1.64,1.35,1.33,0.78,6.23,-1
KBeCl3,K,Be,Cl,1,2,-1,1.64,0.45,1.81,1.08,5.84,-1
KBiO3,K,Bi,O,1,5,-2,1.64,0.76,1.4,1,3.65,-1
KBrO3,K,Br,O,1,5,-2,1.64,0.31,1.4,1.26,6.69,-1
KCaCl3,K,Ca,Cl,1,2,-1,1.64,1,1.81,0.87,4.13,1
KCaF3,K,Ca,F,1,2,-1,1.64,1,1.33,0.9,3.65,1
KCaI3,K,Ca,I,1,2,-1,1.64,1,2.2,0.85,4.52,-1
KCdCl3,K,Cd,Cl,1,2,-1,1.64,0.95,1.81,0.88,4.07,1
KCdF3,K,Cd,F,1,2,-1,1.64,0.95,1.33,0.92,3.56,1
KCdI3,K,Cd,I,1,2,-1,1.64,0.95,2.2,0.86,4.48,-1
KClO3,K,Cl,O,1,5,-2,1.64,0.12,1.4,1.41,15.89,-1
KCoBr3,K,Co,Br,1,2,-1,1.64,0.74,1.96,0.94,4.42,-1
KCoF3,K,Co,F,1,2,-1,1.64,0.74,1.33,1.01,3.58,1
KCoI3,K,Co,I,1,2,-1,1.64,0.74,2.2,0.92,4.74,-1
KCrF3,K,Cr,F,1,2,-1,1.64,0.8,1.33,0.99,3.52,1
KCuF3,K,Cu,F,1,2,-1,1.64,0.73,1.33,1.02,3.6,1
KFeCl3,K,Fe,Cl,1,2,-1,1.64,0.78,1.81,0.94,4.15,1
KFeF3,K,Fe,F,1,2,-1,1.64,0.78,1.33,1,3.53,1
KHgF3,K,Hg,F,1,2,-1,1.64,1.02,1.33,0.89,3.69,1
KHgI3,K,Hg,I,1,2,-1,1.64,1.02,2.2,0.84,4.54,-1
KIO3,K,I,O,1,5,-2,1.64,0.95,1.4,0.91,3.64,1
KMgCl3,K,Mg,Cl,1,2,-1,1.64,0.72,1.81,0.96,4.28,-1
KMgF3,K,Mg,F,1,2,-1,1.64,0.72,1.33,1.02,3.61,1
KMgI3,K,Mg,I,1,2,-1,1.64,0.72,2.2,0.93,4.82,-1
KMnCl3,K,Mn,Cl,1,2,-1,1.64,0.83,1.81,0.92,4.08,1
KMnF3,K,Mn,F,1,2,-1,1.64,0.83,1.33,0.97,3.5,1
KMnI3,K,Mn,I,1,2,-1,1.64,0.83,2.2,0.9,4.55,-1
KNbO3,K,Nb,O,1,5,-2,1.64,0.64,1.4,1.05,3.91,1
KNiCl3,K,Ni,Cl,1,2,-1,1.64,0.69,1.81,0.98,4.37,-1
KNiF3,K,Ni,F,1,2,-1,1.64,0.69,1.33,1.04,3.67,1
KNO3,K,N,O,1,5,-2,1.64,0.13,1.4,1.4,14.75,-1
KPaO3,K,Pa,O,1,5,-2,1.64,0.78,1.4,0.99,3.62,1
KPO3,K,P,O,1,5,-2,1.64,0.38,1.4,1.21,5.64,-1
KSbO3,K,Sb,O,1,5,-2,1.64,0.6,1.4,1.07,4.05,-1
KSmCl3,K,Sm,Cl,1,2,-1,1.64,1.22,1.81,0.81,5.03,-1
KSrCl3,K,Sr,Cl,1,2,-1,1.64,1.18,1.81,0.82,4.76,-1
KTaO3,K,Ta,O,1,5,-2,1.64,0.64,1.4,1.05,3.91,1
KTiI3,K,Ti,I,1,2,-1,1.64,0.86,2.2,0.89,4.51,-1
KTmI3,K,Tm,I,1,2,-1,1.64,1.03,2.2,0.84,4.56,-1
KUO3,K,U,O,1,5,-2,1.64,0.76,1.4,1,3.65,1
KVF3,K,V,F,1,2,-1,1.64,0.79,1.33,0.99,3.53,1
KVO3,K,V,O,1,5,-2,1.64,0.54,1.4,1.11,4.33,-1
KZnF3,K,Zn,F,1,2,-1,1.64,0.74,1.33,1.01,3.58,1
LaAlO3,La,Al,O,3,3,-2,1.36,0.54,1.4,1.01,1.79,1
LaBO3,La,B,O,3,3,-2,1.36,0.27,1.4,1.17,5.53,-1
LaCoO3,La,Co,O,3,3,-2,1.36,0.61,1.4,0.97,1.64,1
LaCrO3,La,Cr,O,3,3,-2,1.36,0.62,1.4,0.97,1.64,1
LaCuO3,La,Cu,O,3,3,-2,1.36,0.54,1.4,1.01,1.77,1
LaErO3,La,Er,O,3,3,-2,1.36,0.89,1.4,0.85,3.38,1
LaFeO3,La,Fe,O,3,3,-2,1.36,0.64,1.4,0.95,1.65,1
LaGaO3,La,Ga,O,3,3,-2,1.36,0.62,1.4,0.97,1.64,1
LaHoO3,La,Ho,O,3,3,-2,1.36,0.9,1.4,0.85,3.55,1
LaInO3,La,In,O,3,3,-2,1.36,0.8,1.4,0.89,2.36,1
LaLuO3,La,Lu,O,3,3,-2,1.36,0.86,1.4,0.86,2.99,1
LaMnO3,La,Mn,O,3,3,-2,1.36,0.64,1.4,0.95,1.65,1
LaNiO3,La,Ni,O,3,3,-2,1.36,0.6,1.4,0.98,1.64,1
LaRhO3,La,Rh,O,3,3,-2,1.36,0.66,1.4,0.95,1.68,1
LaRuO3,La,Ru,O,3,3,-2,1.36,0.68,1.4,0.94,1.71,1
LaScO3,La,Sc,O,3,3,-2,1.36,0.74,1.4,0.91,1.98,1
LaTiO3,La,Ti,O,3,3,-2,1.36,0.67,1.4,0.94,1.69,1
LaTlO3,La,Tl,O,3,3,-2,1.36,0.88,1.4,0.85,3.31,-1
LaTmO3,La,Tm,O,3,3,-2,1.36,0.88,1.4,0.86,3.24,1
LaVO3,La,V,O,3,3,-2,1.36,0.64,1.4,0.96,1.64,1
LaYbO3,La,Yb,O,3,3,-2,1.36,0.87,1.4,0.86,3.08,1
LaYO3,La,Y,O,3,3,-2,1.36,0.9,1.4,0.85,3.54,1
LiAsO3,Li,As,O,1,5,-2,0.92,0.46,1.4,0.88,4.93,-1
LiBeCl3,Li,Be,Cl,1,2,-1,0.92,0.45,1.81,0.85,5.88,-1
LiBiO3,Li,Bi,O,1,5,-2,0.92,0.76,1.4,0.76,7.18,-1
LiCoBr3,Li,Co,Br,1,2,-1,0.92,0.74,1.96,0.75,7.48,-1
LiMgBr3,Li,Mg,Br,1,2,-1,0.92,0.72,1.96,0.76,6.94,-1
LiMgCl3,Li,Mg,Cl,1,2,-1,0.92,0.72,1.81,0.76,6.73,-1
LiMgF3,Li,Mg,F,1,2,-1,0.92,0.72,1.33,0.78,6.06,-1
LiMgI3,Li,Mg,I,1,2,-1,0.92,0.72,2.2,0.76,7.27,-1
LiNbO3,Li,Nb,O,1,5,-2,0.92,0.64,1.4,0.8,5.15,-1
LiNiCl3,Li,Ni,Cl,1,2,-1,0.92,0.69,1.81,0.77,6.26,-1
LiNO3,Li,N,O,1,5,-2,0.92,0.13,1.4,1.07,13.39,-1
LiPO3,Li,P,O,1,5,-2,0.92,0.38,1.4,0.92,5.42,-1
LiReO3,Li,Re,O,1,5,-2,0.92,0.58,1.4,0.83,4.85,-1
LiSbO3,Li,Sb,O,1,5,-2,0.92,0.6,1.4,0.82,4.92,-1
LiTaO3,Li,Ta,O,1,5,-2,0.92,0.64,1.4,0.8,5.15,-1
LiVO3,Li,V,O,1,5,-2,0.92,0.54,1.4,0.85,4.79,-1
LiZnF3,Li,Zn,F,1,2,-1,0.92,0.74,1.33,0.77,6.51,-1
LuBO3,Lu,B,O,3,3,-2,1.03,0.27,1.4,1.03,4.74,-1
LuCrO3,Lu,Cr,O,3,3,-2,1.03,0.62,1.4,0.85,3,1
LuFeO3,Lu,Fe,O,3,3,-2,1.03,0.64,1.4,0.84,3.38,1
LuMnO3,Lu,Mn,O,3,3,-2,1.03,0.64,1.4,0.84,3.38,1
LuTiO3,Lu,Ti,O,3,3,-2,1.03,0.67,1.4,0.83,3.79,1
MgCO3,Mg,C,O,2,4,-2,0.89,0.16,1.4,1.04,11.23,-1
MgGeO3,Mg,Ge,O,2,4,-2,0.89,0.53,1.4,0.84,5.12,-1
MgSeO3,Mg,Se,O,2,4,-2,0.89,0.5,1.4,0.85,4.97,-1
MgSiO3,Mg,Si,O,2,4,-2,0.89,0.4,1.4,0.9,5.06,1
MgTiO3,Mg,Ti,O,2,4,-2,0.89,0.6,1.4,0.81,5.94,-1
MgVO3,Mg,V,O,2,4,-2,0.89,0.58,1.4,0.82,5.58,-1
MnCO3,Mn,C,O,2,4,-2,0.96,0.16,1.4,1.07,11.45,-1
MnLiF3,Mn,Li,F,2,1,-1,0.96,0.76,1.33,0.77,8.56,-1
MnLiI3,Mn,Li,I,2,1,-1,0.96,0.76,2.2,0.75,9.71,-1
MnSeO3,Mn,Se,O,2,4,-2,0.96,0.5,1.4,0.88,4.69,-1
MnSiO3,Mn,Si,O,2,4,-2,0.96,0.4,1.4,0.93,4.98,-1
MnSO3,Mn,S,O,2,4,-2,0.96,0.37,1.4,0.94,5.23,-1
NaAsO3,Na,As,O,1,5,-2,1.39,0.46,1.4,1.06,4.78,-1
NaBeCl3,Na,Be,Cl,1,2,-1,1.39,0.45,1.81,1,5.76,-1
NaBiO3,Na,Bi,O,1,5,-2,1.39,0.76,1.4,0.91,3.87,-1
NaBrO3,Na,Br,O,1,5,-2,1.39,0.31,1.4,1.15,6.5,-1
NaCaBr3,Na,Ca,Br,1,2,-1,1.39,1,1.96,0.8,5.18,-1
NaCaCl3,Na,Ca,Cl,1,2,-1,1.39,1,1.81,0.81,5.03,-1
NaCaF3,Na,Ca,F,1,2,-1,1.39,1,1.33,0.83,4.55,-1
NaCaI3,Na,Ca,I,1,2,-1,1.39,1,2.2,0.79,5.42,-1
NaCdBr3,Na,Cd,Br,1,2,-1,1.39,0.95,1.96,0.81,4.91,-1
NaCdCl3,Na,Cd,Cl,1,2,-1,1.39,0.95,1.81,0.82,4.75,-1
NaCdF3,Na,Cd,F,1,2,-1,1.39,0.95,1.33,0.84,4.24,-1
NaCdI3,Na,Cd,I,1,2,-1,1.39,0.95,2.2,0.81,5.16,-1
NaClO3,Na,Cl,O,1,5,-2,1.39,0.12,1.4,1.3,15.4,-1
NaCoF3,Na,Co,F,1,2,-1,1.39,0.74,1.33,0.93,3.78,1
NaCrCl3,Na,Cr,Cl,1,2,-1,1.39,0.8,1.81,0.87,4.41,-1
NaCrF3,Na,Cr,F,1,2,-1,1.39,0.8,1.33,0.9,3.81,1
NaCuF3,Na,Cu,F,1,2,-1,1.39,0.73,1.33,0.93,3.78,1
NaFeF3,Na,Fe,F,1,2,-1,1.39,0.78,1.33,0.91,3.79,1
NaHgI3,Na,Hg,I,1,2,-1,1.39,1.02,2.2,0.79,5.56,-1
NaIO3,Na,I,O,1,5,-2,1.39,0.95,1.4,0.84,4.32,1
NaMgBr3,Na,Mg,Br,1,2,-1,1.39,0.72,1.96,0.88,4.66,-1
NaMgF3,Na,Mg,F,1,2,-1,1.39,0.72,1.33,0.94,3.78,1
NaMgI3,Na,Mg,I,1,2,-1,1.39,0.72,2.2,0.87,4.99,-1
NaMnCl3,Na,Mn,Cl,1,2,-1,1.39,0.83,1.81,0.86,4.43,-1
NaMnF3,Na,Mn,F,1,2,-1,1.39,0.83,1.33,0.89,3.85,1
NaNbO3,Na,Nb,O,1,5,-2,1.39,0.64,1.4,0.97,3.99,1
NaNiCl3,Na,Ni,Cl,1,2,-1,1.39,0.69,1.81,0.91,4.5,-1
NaNiF3,Na,Ni,F,1,2,-1,1.39,0.69,1.33,0.95,3.8,1
NaNO3,Na,N,O,1,5,-2,1.39,0.13,1.4,1.29,14.28,-1
NaPaO3,Na,Pa,O,1,5,-2,1.39,0.78,1.4,0.9,3.88,1
NaPO3,Na,P,O,1,5,-2,1.39,0.38,1.4,1.11,5.5,-1
NaSbO3,Na,Sb,O,1,5,-2,1.39,0.6,1.4,0.99,4.09,1
NaTaO3,Na,Ta,O,1,5,-2,1.39,0.64,1.4,0.97,3.99,1
NaUO3,Na,U,O,1,5,-2,1.39,0.76,1.4,0.91,3.87,1
NaVF3,Na,V,F,1,2,-1,1.39,0.79,1.33,0.91,3.8,1
NaVO3,Na,V,O,1,5,-2,1.39,0.54,1.4,1.02,4.32,-1
NaWO3,Na,W,O,1,5,-2,1.39,0.62,1.4,0.98,4.04,1
NaZnCl3,Na,Zn,Cl,1,2,-1,1.39,0.74,1.81,0.89,4.43,-1
NaZnF3,Na,Zn,F,1,2,-1,1.39,0.74,1.33,0.93,3.78,1
NdAlO3,Nd,Al,O,3,3,-2,1.27,0.54,1.4,0.98,1.85,1
NdCoO3,Nd,Co,O,3,3,-2,1.27,0.61,1.4,0.94,1.81,1
NdCrO3,Nd,Cr,O,3,3,-2,1.27,0.62,1.4,0.94,1.82,1
NdFeO3,Nd,Fe,O,3,3,-2,1.27,0.64,1.4,0.92,1.89,1
NdGaO3,Nd,Ga,O,3,3,-2,1.27,0.62,1.4,0.93,1.83,1
NdInO3,Nd,In,O,3,3,-2,1.27,0.8,1.4,0.86,3.05,1
NdMnO3,Nd,Mn,O,3,3,-2,1.27,0.64,1.4,0.92,1.89,1
NdNiO3,Nd,Ni,O,3,3,-2,1.27,0.6,1.4,0.94,1.8,1
NdRhO3,Nd,Rh,O,3,3,-2,1.27,0.66,1.4,0.91,1.96,1
NdScO3,Nd,Sc,O,3,3,-2,1.27,0.74,1.4,0.88,2.47,1
NdTiO3,Nd,Ti,O,3,3,-2,1.27,0.67,1.4,0.91,1.98,1
NdVO3,Nd,V,O,3,3,-2,1.27,0.64,1.4,0.93,1.87,1
NiMnO3,Ni,Mn,O,2,4,-2,0.69,0.53,1.4,0.77,8.51,-1
NiSeO3,Ni,Se,O,2,4,-2,0.69,0.5,1.4,0.78,7.37,-1
NiTiO3,Ni,Ti,O,2,4,-2,0.69,0.6,1.4,0.74,15.66,-1
PbAgBr3,Pb,Ag,Br,2,1,-1,1.49,1.15,1.96,0.78,7.71,-1
PbAgF3,Pb,Ag,F,2,1,-1,1.49,1.15,1.33,0.8,7.16,-1
PbCO3,Pb,C,O,2,4,-2,1.49,0.16,1.4,1.31,13.1,-1
PbGeO3,Pb,Ge,O,2,4,-2,1.49,0.53,1.4,1.06,4.08,1
PbHfO3,Pb,Hf,O,2,4,-2,1.49,0.71,1.4,0.97,3.63,1
PbLiBr3,Pb,Li,Br,2,1,-1,1.49,0.76,1.96,0.9,4.4,-1
PbLiCl3,Pb,Li,Cl,2,1,-1,1.49,0.76,1.81,0.91,4.21,-1
PbLiF3,Pb,Li,F,2,1,-1,1.49,0.76,1.33,0.95,3.57,-1
PbNaCl3,Pb,Na,Cl,2,1,-1,1.49,1.02,1.81,0.82,5.48,-1
PbNaF3,Pb,Na,F,2,1,-1,1.49,1.02,1.33,0.85,5.01,-1
PbSeO3,Pb,Se,O,2,4,-2,1.49,0.5,1.4,1.08,4.26,-1
PbSiO3,Pb,Si,O,2,4,-2,1.49,0.4,1.4,1.14,5.17,-1
PbSO3,Pb,S,O,2,4,-2,1.49,0.37,1.4,1.15,5.57,-1
PbTeO3,Pb,Te,O,2,4,-2,1.49,0.97,1.4,0.86,4.6,-1
PbTiO3,Pb,Ti,O,2,4,-2,1.49,0.6,1.4,1.02,3.78,1
PbZrO3,Pb,Zr,O,2,4,-2,1.49,0.72,1.4,0.96,3.64,1
PrAlO3,Pr,Al,O,3,3,-2,1.18,0.54,1.4,0.94,1.98,1
PrCoO3,Pr,Co,O,3,3,-2,1.18,0.61,1.4,0.91,2.09,1
PrCrO3,Pr,Cr,O,3,3,-2,1.18,0.62,1.4,0.91,2.11,1
PrFeO3,Pr,Fe,O,3,3,-2,1.18,0.64,1.4,0.89,2.26,1
PrGaO3,Pr,Ga,O,3,3,-2,1.18,0.62,1.4,0.9,2.13,1
PrLuO3,Pr,Lu,O,3,3,-2,1.18,0.86,1.4,0.81,5.7,1
PrMnO3,Pr,Mn,O,3,3,-2,1.18,0.64,1.4,0.89,2.26,1
PrNiO3,Pr,Ni,O,3,3,-2,1.18,0.6,1.4,0.91,2.06,1
PrRhO3,Pr,Rh,O,3,3,-2,1.18,0.66,1.4,0.88,2.39,1
PrRuO3,Pr,Ru,O,3,3,-2,1.18,0.68,1.4,0.88,2.51,1
PrScO3,Pr,Sc,O,3,3,-2,1.18,0.74,1.4,0.85,3.22,1
PrTiO3,Pr,Ti,O,3,3,-2,1.18,0.67,1.4,0.88,2.43,1
PrVO3,Pr,V,O,3,3,-2,1.18,0.64,1.4,0.89,2.23,1
PrYbO3,Pr,Yb,O,3,3,-2,1.18,0.87,1.4,0.8,5.92,1
PuCrO3,Pu,Cr,O,4,2,-2,0.96,0.8,1.4,0.76,12.08,1
PuVO3,Pu,V,O,4,2,-2,0.96,0.79,1.4,0.76,10.71,1
RbBaBr3,Rb,Ba,Br,1,2,-1,1.72,1.35,1.96,0.79,5.71,-1
RbBeCl3,Rb,Be,Cl,1,2,-1,1.72,0.45,1.81,1.1,5.87,-1
RbBeF3,Rb,Be,F,1,2,-1,1.72,0.45,1.33,1.21,4.81,-1
RbBrO3,Rb,Br,O,1,5,-2,1.72,0.31,1.4,1.29,6.75,-1
RbCaCl3,Rb,Ca,Cl,1,2,-1,1.72,1,1.81,0.89,3.98,1
RbCaF3,Rb,Ca,F,1,2,-1,1.72,1,1.33,0.93,3.5,1
RbCaI3,Rb,Ca,I,1,2,-1,1.72,1,2.2,0.87,4.37,-1
RbCdBr3,Rb,Cd,Br,1,2,-1,1.72,0.95,1.96,0.89,4.11,1
RbCdCl3,Rb,Cd,Cl,1,2,-1,1.72,0.95,1.81,0.9,3.96,1
RbCdF3,Rb,Cd,F,1,2,-1,1.72,0.95,1.33,0.95,3.45,1
RbClO3,Rb,Cl,O,1,5,-2,1.72,0.12,1.4,1.45,16.05,-1
RbCoCl3,Rb,Co,Cl,1,2,-1,1.72,0.74,1.81,0.98,4.19,-1
RbCoF3,Rb,Co,F,1,2,-1,1.72,0.74,1.33,1.04,3.54,1
RbCrCl3,Rb,Cr,Cl,1,2,-1,1.72,0.8,1.81,0.96,4.07,1
RbCrF3,Rb,Cr,F,1,2,-1,1.72,0.8,1.33,1.01,3.47,1
RbCuF3,Rb,Cu,F,1,2,-1,1.72,0.73,1.33,1.05,3.57,1
RbDyI3,Rb,Dy,I,1,2,-1,1.72,1.07,2.2,0.85,4.44,1
RbEuCl3,Rb,Eu,Cl,1,2,-1,1.72,1.17,1.81,0.84,4.36,-1
RbFeCl3,Rb,Fe,Cl,1,2,-1,1.72,0.78,1.81,0.96,4.11,-1
RbFeF3,Rb,Fe,F,1,2,-1,1.72,0.78,1.33,1.02,3.49,1
RbGeI3,Rb,Ge,I,1,2,-1,1.72,0.73,2.2,0.95,4.76,-1
RbHgF3,Rb,Hg,F,1,2,-1,1.72,1.02,1.33,0.92,3.53,1
RbIO3,Rb,I,O,1,5,-2,1.72,0.95,1.4,0.94,3.52,1
RbMgCl3,Rb,Mg,Cl,1,2,-1,1.72,0.72,1.81,0.99,4.26,-1
RbMgI3,Rb,Mg,I,1,2,-1,1.72,0.72,2.2,0.95,4.8,-1
RbMnBr3,Rb,Mn,Br,1,2,-1,1.72,0.83,1.96,0.93,4.21,-1
RbMnCl3,Rb,Mn,Cl,1,2,-1,1.72,0.83,1.81,0.95,4.02,1
RbMnF3,Rb,Mn,F,1,2,-1,1.72,0.83,1.33,1,3.45,1
RbMnI3,Rb,Mn,I,1,2,-1,1.72,0.83,2.2,0.91,4.49,-1
RbNbO3,Rb,Nb,O,1,5,-2,1.72,0.64,1.4,1.08,3.91,1
RbNiBr3,Rb,Ni,Br,1,2,-1,1.72,0.69,1.96,0.98,4.57,-1
RbNO3,Rb,N,O,1,5,-2,1.72,0.13,1.4,1.44,14.89,-1
RbPaO3,Rb,Pa,O,1,5,-2,1.72,0.78,1.4,1.01,3.58,1
RbPbF3,Rb,Pb,F,1,2,-1,1.72,1.19,1.33,0.86,4.04,1
RbPbI3,Rb,Pb,I,1,2,-1,1.72,1.19,2.2,0.82,4.77,-1
RbPO3,Rb,P,O,1,5,-2,1.72,0.38,1.4,1.24,5.68,-1
RbSnI3,Rb,Sn,I,1,2,-1,1.72,1.15,2.2,0.83,4.63,-1
RbSrCl3,Rb,Sr,Cl,1,2,-1,1.72,1.18,1.81,0.83,4.4,-1
RbSrF3,Rb,Sr,F,1,2,-1,1.72,1.18,1.33,0.86,4,-1
RbTaO3,Rb,Ta,O,1,5,-2,1.72,0.64,1.4,1.08,3.91,1
RbTiI3,Rb,Ti,I,1,2,-1,1.72,0.86,2.2,0.91,4.44,-1
RbTmI3,Rb,Tm,I,1,2,-1,1.72,1.03,2.2,0.86,4.39,1
RbUO3,Rb,U,O,1,5,-2,1.72,0.76,1.4,1.02,3.61,1
RbVF3,Rb,V,F,1,2,-1,1.72,0.79,1.33,1.02,3.48,1
RbVI3,Rb,V,I,1,2,-1,1.72,0.79,2.2,0.93,4.58,-1
RbVO3,Rb,V,O,1,5,-2,1.72,0.54,1.4,1.14,4.34,-1
RbYbI3,Rb,Yb,I,1,2,-1,1.72,1.02,2.2,0.86,4.38,-1
RbZnCl3,Rb,Zn,Cl,1,2,-1,1.72,0.74,1.81,0.98,4.2,-1
RbZnF3,Rb,Zn,F,1,2,-1,1.72,0.74,1.33,1.04,3.55,1
SbAsO3,Sb,As,O,3,3,-2,0.76,0.58,1.4,0.77,7.96,-1
ScAlO3,Sc,Al,O,3,3,-2,0.87,0.54,1.4,0.83,3.65,1
ScBO3,Sc,B,O,3,3,-2,0.87,0.27,1.4,0.96,4.45,-1
ScCrO3,Sc,Cr,O,3,3,-2,0.87,0.62,1.4,0.8,5.51,1
SmAlO3,Sm,Al,O,3,3,-2,1.24,0.54,1.4,0.96,1.89,1
SmBO3,Sm,B,O,3,3,-2,1.24,0.27,1.4,1.12,5.22,-1
SmCoO3,Sm,Co,O,3,3,-2,1.24,0.61,1.4,0.93,1.89,1
SmCrO3,Sm,Cr,O,3,3,-2,1.24,0.62,1.4,0.93,1.9,1
SmFeO3,Sm,Fe,O,3,3,-2,1.24,0.64,1.4,0.91,1.99,1
SmInO3,Sm,In,O,3,3,-2,1.24,0.8,1.4,0.85,3.36,1
SmMnO3,Sm,Mn,O,3,3,-2,1.24,0.64,1.4,0.91,1.99,1
SmNiO3,Sm,Ni,O,3,3,-2,1.24,0.6,1.4,0.93,1.87,1
SmRhO3,Sm,Rh,O,3,3,-2,1.24,0.66,1.4,0.9,2.08,1
SmScO3,Sm,Sc,O,3,3,-2,1.24,0.74,1.4,0.87,2.68,1
SmTiO3,Sm,Ti,O,3,3,-2,1.24,0.67,1.4,0.9,2.11,1
SmVO3,Sm,V,O,3,3,-2,1.24,0.64,1.4,0.92,1.98,1
SmYO3,Sm,Y,O,3,3,-2,1.24,0.9,1.4,0.81,5.45,-1
SnMnO3,Sn,Mn,O,2,4,-2,1.15,0.53,1.4,0.93,4.24,-1
SnNaCl3,Sn,Na,Cl,2,1,-1,1.15,1.02,1.81,0.74,16.57,-1
SrAmO3,Sr,Am,O,2,4,-2,1.44,0.85,1.4,0.89,4.07,1
SrCeO3,Sr,Ce,O,2,4,-2,1.44,0.87,1.4,0.88,4.18,1
SrCO3,Sr,C,O,2,4,-2,1.44,0.16,1.4,1.29,12.94,-1
SrCoO3,Sr,Co,O,2,4,-2,1.44,0.53,1.4,1.04,4.08,1
SrGeO3,Sr,Ge,O,2,4,-2,1.44,0.53,1.4,1.04,4.08,1
SrHfO3,Sr,Hf,O,2,4,-2,1.44,0.71,1.4,0.95,3.71,1
SrIrO3,Sr,Ir,O,2,4,-2,1.44,0.62,1.4,0.99,3.76,1
SrLiBr3,Sr,Li,Br,2,1,-1,1.44,0.76,1.96,0.88,4.51,-1
SrMnO3,Sr,Mn,O,2,4,-2,1.44,0.53,1.4,1.04,4.08,1
SrMoO3,Sr,Mo,O,2,4,-2,1.44,0.65,1.4,0.98,3.72,1
SrNaBr3,Sr,Na,Br,2,1,-1,1.44,1.02,1.96,0.81,6.11,-1
SrNaCl3,Sr,Na,Cl,2,1,-1,1.44,1.02,1.81,0.81,5.96,-1
SrNbO3,Sr,Nb,O,2,4,-2,1.44,0.68,1.4,0.97,3.7,1
SrPbO3,Sr,Pb,O,2,4,-2,1.44,0.78,1.4,0.92,3.8,1
SrPuO3,Sr,Pu,O,2,4,-2,1.44,0.86,1.4,0.89,4.12,1
SrRuO3,Sr,Ru,O,2,4,-2,1.44,0.62,1.4,0.99,3.77,1
SrSiO3,Sr,Si,O,2,4,-2,1.44,0.4,1.4,1.12,5.12,-1
SrSnO3,Sr,Sn,O,2,4,-2,1.44,0.69,1.4,0.96,3.7,1
SrTeO3,Sr,Te,O,2,4,-2,1.44,0.97,1.4,0.85,4.96,-1
SrTiO3,Sr,Ti,O,2,4,-2,1.44,0.6,1.4,1,3.8,1
SrVO3,Sr,V,O,2,4,-2,1.44,0.58,1.4,1.01,3.87,1
SrZrO3,Sr,Zr,O,2,4,-2,1.44,0.72,1.4,0.95,3.72,1
TbAlO3,Tb,Al,O,3,3,-2,1.1,0.54,1.4,0.91,2.19,1
TbCoO3,Tb,Co,O,3,3,-2,1.1,0.61,1.4,0.88,2.5,1
TbCrO3,Tb,Cr,O,3,3,-2,1.1,0.62,1.4,0.88,2.54,1
TbFeO3,Tb,Fe,O,3,3,-2,1.1,0.64,1.4,0.86,2.79,1
TbMnO3,Tb,Mn,O,3,3,-2,1.1,0.64,1.4,0.86,2.79,1
TbRhO3,Tb,Rh,O,3,3,-2,1.1,0.66,1.4,0.85,3.01,1
TbTiO3,Tb,Ti,O,3,3,-2,1.1,0.67,1.4,0.85,3.07,1
TeCdO3,Te,Cd,O,4,2,-2,0.97,0.95,1.4,0.71,181.51,-1
TeCoO3,Te,Co,O,4,2,-2,0.97,0.74,1.4,0.78,5.61,-1
TeCuO3,Te,Cu,O,4,2,-2,0.97,0.73,1.4,0.79,4.62,-1
TeZnO3,Te,Zn,O,4,2,-2,0.97,0.74,1.4,0.78,5.26,-1
TiBO3,Ti,B,O,3,3,-2,0.67,0.27,1.4,0.88,4.38,-1
TiMnO3,Ti,Mn,O,3,3,-2,0.67,0.64,1.4,0.72,75.12,-1
TlBeCl3,Tl,Be,Cl,1,2,-1,1.7,0.45,1.81,1.1,5.86,-1
TlBrO3,Tl,Br,O,1,5,-2,1.7,0.31,1.4,1.28,6.74,-1
TlCdCl3,Tl,Cd,Cl,1,2,-1,1.7,0.95,1.81,0.9,3.98,1
TlCdF3,Tl,Cd,F,1,2,-1,1.7,0.95,1.33,0.94,3.48,1
TlCdI3,Tl,Cd,I,1,2,-1,1.7,0.95,2.2,0.88,4.39,-1
TlCoF3,Tl,Co,F,1,2,-1,1.7,0.74,1.33,1.03,3.55,1
TlCrF3,Tl,Cr,F,1,2,-1,1.7,0.8,1.33,1.01,3.48,1
TlCuF3,Tl,Cu,F,1,2,-1,1.7,0.73,1.33,1.04,3.58,1
TlEuCl3,Tl,Eu,Cl,1,2,-1,1.7,1.17,1.81,0.83,4.44,-1
TlFeF3,Tl,Fe,F,1,2,-1,1.7,0.78,1.33,1.02,3.5,1
TlFeI3,Tl,Fe,I,1,2,-1,1.7,0.78,2.2,0.93,4.62,-1
TlGeI3,Tl,Ge,I,1,2,-1,1.7,0.73,2.2,0.94,4.77,-1
TlIO3,Tl,I,O,1,5,-2,1.7,0.95,1.4,0.93,3.55,1
TlMgCl3,Tl,Mg,Cl,1,2,-1,1.7,0.72,1.81,0.98,4.26,-1
TlMnCl3,Tl,Mn,Cl,1,2,-1,1.7,0.83,1.81,0.94,4.04,1
TlMnF3,Tl,Mn,F,1,2,-1,1.7,0.83,1.33,0.99,3.46,1
TlMnI3,Tl,Mn,I,1,2,-1,1.7,0.83,2.2,0.91,4.51,-1
TlNiO3,Tl,Ni,O,3,3,-2,0.98,0.6,1.4,0.84,3.32,1
TlNO3,Tl,N,O,1,5,-2,1.7,0.13,1.4,1.43,14.86,-1
TlPbCl3,Tl,Pb,Cl,1,2,-1,1.7,1.19,1.81,0.83,4.53,-1
TlPbI3,Tl,Pb,I,1,2,-1,1.7,1.19,2.2,0.81,4.85,-1
TlSbO3,Tl,Sb,O,1,5,-2,1.7,0.6,1.4,1.1,4.05,-1
TlSrCl3,Tl,Sr,Cl,1,2,-1,1.7,1.18,1.81,0.83,4.48,-1
TlVO3,Tl,V,O,3,3,-2,0.98,0.64,1.4,0.82,3.97,-1
TlZnCl3,Tl,Zn,Cl,1,2,-1,1.7,0.74,1.81,0.97,4.21,-1
TmAlO3,Tm,Al,O,3,3,-2,1.05,0.54,1.4,0.9,2.34,1
TmBO3,Tm,B,O,3,3,-2,1.05,0.27,1.4,1.04,4.78,-1
TmCrO3,Tm,Cr,O,3,3,-2,1.05,0.62,1.4,0.86,2.84,1
TmFeO3,Tm,Fe,O,3,3,-2,1.05,0.64,1.4,0.85,3.17,1
TmNiO3,Tm,Ni,O,3,3,-2,1.05,0.6,1.4,0.87,2.7,1
TmTiO3,Tm,Ti,O,3,3,-2,1.05,0.67,1.4,0.84,3.53,1
VBO3,V,B,O,3,3,-2,0.64,0.27,1.4,0.86,4.42,-1
VCrO3,V,Cr,O,3,3,-2,0.64,0.62,1.4,0.72,71.63,-1
VLiCl3,V,Li,Cl,2,1,-1,0.79,0.76,1.81,0.72,52.08,-1
YAlO3,Y,Al,O,3,3,-2,1.08,0.54,1.4,0.9,2.26,1
YbAlO3,Yb,Al,O,3,3,-2,1.04,0.54,1.4,0.89,2.38,1
YbCrO3,Yb,Cr,O,3,3,-2,1.04,0.62,1.4,0.86,2.92,1
YbFeO3,Yb,Fe,O,3,3,-2,1.04,0.64,1.4,0.84,3.27,1
YbMnO3,Yb,Mn,O,3,3,-2,1.04,0.64,1.4,0.84,3.27,1
YbNiO3,Yb,Ni,O,3,3,-2,1.04,0.6,1.4,0.86,2.77,1
YBO3,Y,B,O,3,3,-2,1.08,0.27,1.4,1.05,4.83,-1
YbTiO3,Yb,Ti,O,3,3,-2,1.04,0.67,1.4,0.83,3.65,1
YCoO3,Y,Co,O,3,3,-2,1.08,0.61,1.4,0.87,2.63,1
YCrO3,Y,Cr,O,3,3,-2,1.08,0.62,1.4,0.87,2.67,1
YFeO3,Y,Fe,O,3,3,-2,1.08,0.64,1.4,0.86,2.96,1
YGaO3,Y,Ga,O,3,3,-2,1.08,0.62,1.4,0.87,2.71,1
YInO3,Y,In,O,3,3,-2,1.08,0.8,1.4,0.8,6.39,-1
YMnO3,Y,Mn,O,3,3,-2,1.08,0.64,1.4,0.86,2.96,1
YNiO3,Y,Ni,O,3,3,-2,1.08,0.6,1.4,0.88,2.55,1
YScO3,Y,Sc,O,3,3,-2,1.08,0.74,1.4,0.82,4.68,1
YTiO3,Y,Ti,O,3,3,-2,1.08,0.67,1.4,0.85,3.27,1
YTmO3,Y,Tm,O,3,3,-2,1.08,0.88,1.4,0.77,10.9,-1
YVO3,Y,V,O,3,3,-2,1.08,0.64,1.4,0.86,2.9,1
YYbO3,Y,Yb,O,3,3,-2,1.08,0.87,1.4,0.77,9.98,-1
ZnGeO3,Zn,Ge,O,2,4,-2,0.9,0.53,1.4,0.84,5.06,-1
ZnSeO3,Zn,Se,O,2,4,-2,0.9,0.5,1.4,0.86,4.92,-1
ZnSiO3,Zn,Si,O,2,4,-2,0.9,0.4,1.4,0.9,5.05,-1
ZnSnO3,Zn,Sn,O,2,4,-2,0.9,0.69,1.4,0.78,7.85,-1
ZnTiO3,Zn,Ti,O,2,4,-2,0.9,0.6,1.4,0.81,5.81,-1